"1";"zal7LhB2-mI";"PLPSfPyOOcp3Q1YWaj9JV9XB1OA_m1-Rdy"
"2";"28kRZY1z0IE";"PLPSfPyOOcp3Q1YWaj9JV9XB1OA_m1-Rdy"
"3";"WnW_YRJuEiQ";"PLPSfPyOOcp3Q1YWaj9JV9XB1OA_m1-Rdy"
"4";"K48KrSiWWPI";"PLPSfPyOOcp3Q1YWaj9JV9XB1OA_m1-Rdy"
"5";"xEgM-BVGv5g";"PLPSfPyOOcp3Q1YWaj9JV9XB1OA_m1-Rdy"
"6";"qpbub-UL_6w";"PLPSfPyOOcp3Q1YWaj9JV9XB1OA_m1-Rdy"
"7";"b40NNXRSf9w";"PLPSfPyOOcp3Q1YWaj9JV9XB1OA_m1-Rdy"
"8";"pSpHh4V0O4Y";"PLPSfPyOOcp3Q1YWaj9JV9XB1OA_m1-Rdy"
"9";"FIOSnbTw5q0";"PLPSfPyOOcp3Q1YWaj9JV9XB1OA_m1-Rdy"
"10";"Q5gnchggurQ";"PLPSfPyOOcp3Q1YWaj9JV9XB1OA_m1-Rdy"
"11";"bgQai_uRLj8";"PLPSfPyOOcp3Q1YWaj9JV9XB1OA_m1-Rdy"
"12";"opQFOYPjqD0";"PLPSfPyOOcp3Q1YWaj9JV9XB1OA_m1-Rdy"
"13";"uPppbuuVdPY";"PLPSfPyOOcp3Q1YWaj9JV9XB1OA_m1-Rdy"
"14";"P7JIl63EDfc";"PLPSfPyOOcp3Q1YWaj9JV9XB1OA_m1-Rdy"
"15";"Zkgj1hYndig";"PLPSfPyOOcp3Q1YWaj9JV9XB1OA_m1-Rdy"
"16";"dEvSG-XZEsk";"PLPSfPyOOcp3Q1YWaj9JV9XB1OA_m1-Rdy"
"17";"v2PLSSWoiUs";"PLPSfPyOOcp3Q1YWaj9JV9XB1OA_m1-Rdy"
"18";"J7Miaa3pChA";"PLPSfPyOOcp3Q1YWaj9JV9XB1OA_m1-Rdy"
"19";"4MHudeT01g4";"PLPSfPyOOcp3Q1YWaj9JV9XB1OA_m1-Rdy"
"20";"n6ciMT6KhVo";"PLPSfPyOOcp3Q1YWaj9JV9XB1OA_m1-Rdy"
"21";"fCJZ_LkjS0I";"PLPSfPyOOcp3TetFOvK1JBXi28BE2Rklp4"
"22";"Cmvz-fvqo8E";"PLPSfPyOOcp3TetFOvK1JBXi28BE2Rklp4"
"23";"u0j7Duq6FPI";"PLPSfPyOOcp3TetFOvK1JBXi28BE2Rklp4"
"24";"h_UQ6o0Ti0w";"PLPSfPyOOcp3TetFOvK1JBXi28BE2Rklp4"
"25";"OSeIarLhV8M";"PLPSfPyOOcp3TetFOvK1JBXi28BE2Rklp4"
"26";"zBoHdPnWygI";"PLPSfPyOOcp3TetFOvK1JBXi28BE2Rklp4"
"27";"fukr0MUTnrA";"PLPSfPyOOcp3TetFOvK1JBXi28BE2Rklp4"
"28";"t0c5TRwGCzE";"PLPSfPyOOcp3TetFOvK1JBXi28BE2Rklp4"
"29";"FTjC0jHvLSw";"PLPSfPyOOcp3TetFOvK1JBXi28BE2Rklp4"
"30";"VBmCejem4Pg";"PLPSfPyOOcp3TetFOvK1JBXi28BE2Rklp4"
"31";"uvJ3R8GXI50";"PLPSfPyOOcp3TetFOvK1JBXi28BE2Rklp4"
"32";"1Bmubl2i9zQ";"PLPSfPyOOcp3TetFOvK1JBXi28BE2Rklp4"
"33";"SXCDY1jpu1E";"PLPSfPyOOcp3TetFOvK1JBXi28BE2Rklp4"
"34";"ZTRVwsJqJks";"PLPSfPyOOcp3TetFOvK1JBXi28BE2Rklp4"
"35";"OIZPkc2S2Dg";"PLPSfPyOOcp3TetFOvK1JBXi28BE2Rklp4"
"36";"75eiu3e-sfs";"PLPSfPyOOcp3TetFOvK1JBXi28BE2Rklp4"
"37";"aPE9l21OQCI";"PLPSfPyOOcp3TetFOvK1JBXi28BE2Rklp4"
"38";"Gcr8Pdjyh1Q";"PLPSfPyOOcp3TetFOvK1JBXi28BE2Rklp4"
"39";"rjcImQJMfy4";"PLPSfPyOOcp3TetFOvK1JBXi28BE2Rklp4"
"40";"ug_8uvBOuy0";"PLPSfPyOOcp3TetFOvK1JBXi28BE2Rklp4"
"41";"2PprFMkHnZc";"PLPSfPyOOcp3TetFOvK1JBXi28BE2Rklp4"
"42";"Dx6x46nyWmg";"PLPSfPyOOcp3TetFOvK1JBXi28BE2Rklp4"
"43";"5_sjhme7y4M";"PLPSfPyOOcp3TetFOvK1JBXi28BE2Rklp4"
"44";"AQm2wVqXiJs";"PLPSfPyOOcp3TetFOvK1JBXi28BE2Rklp4"
"45";"--oxbhbnkbA";"PLPSfPyOOcp3TetFOvK1JBXi28BE2Rklp4"
"46";"Y-zBXwJUCZQ";"PLPSfPyOOcp3TetFOvK1JBXi28BE2Rklp4"
"47";"ASp3gkk7IFA";"PLPSfPyOOcp3TetFOvK1JBXi28BE2Rklp4"
"48";"hDjeTJMoA2c";"PLPSfPyOOcp3TetFOvK1JBXi28BE2Rklp4"
"49";"3aRAEy-hZWg";"PLPSfPyOOcp3TetFOvK1JBXi28BE2Rklp4"
"50";"ZMP9WT-DFMU";"PLPSfPyOOcp3TetFOvK1JBXi28BE2Rklp4"
"51";"OVknbxvD8lQ";"PLPSfPyOOcp3TetFOvK1JBXi28BE2Rklp4"
"52";"LcmosJbJdUQ";"PLPSfPyOOcp3TetFOvK1JBXi28BE2Rklp4"
"53";"UuyZmmZOiiQ";"PLPSfPyOOcp3TetFOvK1JBXi28BE2Rklp4"
"54";"4K64ln6n1Qk";"PLPSfPyOOcp3TetFOvK1JBXi28BE2Rklp4"
"55";"-BIaXWJNZlM";"PLPSfPyOOcp3TetFOvK1JBXi28BE2Rklp4"
"56";"lZUVV1MSGSY";"PLPSfPyOOcp3TetFOvK1JBXi28BE2Rklp4"
"57";"jnM-g9Y7UAA";"PLPSfPyOOcp3TetFOvK1JBXi28BE2Rklp4"
"58";"vm-vjeJvknc";"PLPSfPyOOcp3TetFOvK1JBXi28BE2Rklp4"
"59";"QqlF-YLSjDw";"PLPSfPyOOcp3TetFOvK1JBXi28BE2Rklp4"
"60";"1hzAZ5v9dfM";"PLPSfPyOOcp3TetFOvK1JBXi28BE2Rklp4"
"61";"_meRTBYx-5k";"PLPSfPyOOcp3TetFOvK1JBXi28BE2Rklp4"
"62";"kEHvQm2YRh0";"PLPSfPyOOcp3TetFOvK1JBXi28BE2Rklp4"
"63";"v31KtlYw5oA";"PLPSfPyOOcp3TetFOvK1JBXi28BE2Rklp4"
"64";"y3j2PfkOSqE";"PLPSfPyOOcp3TetFOvK1JBXi28BE2Rklp4"
"65";"KNRhuRLwkeo";"PLPSfPyOOcp3TetFOvK1JBXi28BE2Rklp4"
"66";"vbHneGmg5uc";"PLPSfPyOOcp3TetFOvK1JBXi28BE2Rklp4"
"67";"bu6lZ1bhZ7U";"PLPSfPyOOcp3TetFOvK1JBXi28BE2Rklp4"
"68";"w5Xwzpw8CjI";"PLPSfPyOOcp3TetFOvK1JBXi28BE2Rklp4"
"69";"mUiwGjJcKVA";"PLPSfPyOOcp3TetFOvK1JBXi28BE2Rklp4"
"70";"hnRL5GeMgGA";"PLPSfPyOOcp3TetFOvK1JBXi28BE2Rklp4"
"71";"wnIsWkRvPSY";"PLPSfPyOOcp3TetFOvK1JBXi28BE2Rklp4"
"72";"d8rp_jwJw0Y";"PLPSfPyOOcp3TetFOvK1JBXi28BE2Rklp4"
"73";"DdlhdCP-W5w";"PLPSfPyOOcp3SyG326n_7q10fJgq-GloTa"
"74";"ZhVlq7yDQho";"PLPSfPyOOcp3SyG326n_7q10fJgq-GloTa"
"75";"ePu05w5aIBE";"PLPSfPyOOcp3SyG326n_7q10fJgq-GloTa"
"76";"CFq2Y43DY0U";"PLPSfPyOOcp3SyG326n_7q10fJgq-GloTa"
"77";"ycVlxOzZbaY";"PLPSfPyOOcp3SyG326n_7q10fJgq-GloTa"
"78";"8zfBMDNkJuI";"PLA7DB863D6946E1CD"
"79";"BquugHa7wKg";"PLA7DB863D6946E1CD"
"80";"IGwu3T-4npo";"PLA7DB863D6946E1CD"
"81";"yTMfTfAY7ZA";"PLA7DB863D6946E1CD"
"82";"khkuLPIiS3I";"PLA7DB863D6946E1CD"
"83";"nsgFUkub3Fk";"PLA7DB863D6946E1CD"
"84";"M_ONsy2E3J8";"PLA7DB863D6946E1CD"
"85";"sIpzSouCZ5I";"PLA7DB863D6946E1CD"
"86";"cwW70fv9RBk";"PLA7DB863D6946E1CD"
"87";"dHJKqnxhOwk";"PLA7DB863D6946E1CD"
"88";"fM0fO8lCdkQ";"PLA7DB863D6946E1CD"
"89";"X6lXlpf-n6k";"PLPSfPyOOcp3TUqQK_TM9wYMn1VrQ0v2p8"
"90";"uAtChyBQxvw";"PLPSfPyOOcp3TUqQK_TM9wYMn1VrQ0v2p8"
"91";"-pj3KErj0EE";"PLPSfPyOOcp3TUqQK_TM9wYMn1VrQ0v2p8"
"92";"iVAD6emOlAo";"PLPSfPyOOcp3TUqQK_TM9wYMn1VrQ0v2p8"
"93";"3k3T0_jftGk";"PLPSfPyOOcp3TUqQK_TM9wYMn1VrQ0v2p8"
"94";"GP9EgylNB9c";"PLPSfPyOOcp3TUqQK_TM9wYMn1VrQ0v2p8"
"95";"p7pQE8_kxGQ";"PLPSfPyOOcp3TUqQK_TM9wYMn1VrQ0v2p8"
"96";"xkq8-9qa2ig";"PLPSfPyOOcp3TUqQK_TM9wYMn1VrQ0v2p8"
"97";"2fqxUvZb2_U";"PLPSfPyOOcp3TUqQK_TM9wYMn1VrQ0v2p8"
"98";"ZBH2v4hVpys";"PLPSfPyOOcp3TUqQK_TM9wYMn1VrQ0v2p8"
"99";"LqhJHnQIMf8";"PLPSfPyOOcp3TUqQK_TM9wYMn1VrQ0v2p8"
"100";"woy0a-ZFe14";"PLPSfPyOOcp3TUqQK_TM9wYMn1VrQ0v2p8"
"101";"wwc5HVpCD8s";"PLPSfPyOOcp3SAkThpgHto1uwrEFan4QXV"
"102";"mJJW-XfMPCA";"PLPSfPyOOcp3SAkThpgHto1uwrEFan4QXV"
"103";"_9OO-Kf9Rec";"PLPSfPyOOcp3SAkThpgHto1uwrEFan4QXV"
"104";"OnORKu95mr4";"PLPSfPyOOcp3SAkThpgHto1uwrEFan4QXV"
"105";"MIdX1Gv-QyM";"PLPSfPyOOcp3SAkThpgHto1uwrEFan4QXV"
"106";"IgEqmCqNKuo";"PLPSfPyOOcp3SAkThpgHto1uwrEFan4QXV"
"107";"BFSc7ToTmI4";"PLPSfPyOOcp3SAkThpgHto1uwrEFan4QXV"
"108";"Z-FHPwa7qIM";"PLPSfPyOOcp3SAkThpgHto1uwrEFan4QXV"
"109";"EkG8H6TmUlA";"PLPSfPyOOcp3SAkThpgHto1uwrEFan4QXV"
"110";"g0hcuH1UdA4";"PLPSfPyOOcp3SAkThpgHto1uwrEFan4QXV"
"111";"s-I4vzUycSM";"PLPSfPyOOcp3SAkThpgHto1uwrEFan4QXV"
"112";"Yhw_AEpW690";"PLPSfPyOOcp3SAkThpgHto1uwrEFan4QXV"
"113";"9MwLqr1hrfQ";"PLPSfPyOOcp3SAkThpgHto1uwrEFan4QXV"
"114";"hYnR6pcWxqI";"PLPSfPyOOcp3SAkThpgHto1uwrEFan4QXV"
"115";"ZVs-m4j88ck";"PLPSfPyOOcp3SAkThpgHto1uwrEFan4QXV"
"116";"UZwR3jOhBAM";"PLPSfPyOOcp3SAkThpgHto1uwrEFan4QXV"
"117";"pycW3akA-PI";"PLPSfPyOOcp3SxK_tEoQZXlvULxootJrjh"
"118";"FuOiwTE5QDE";"PLPSfPyOOcp3SxK_tEoQZXlvULxootJrjh"
"119";"x9-v3SWuOF8";"PLPSfPyOOcp3SxK_tEoQZXlvULxootJrjh"
"120";"TpaglETsUto";"PLPSfPyOOcp3SxK_tEoQZXlvULxootJrjh"
"121";"4FuD8pYK2mc";"PLPSfPyOOcp3SxK_tEoQZXlvULxootJrjh"
"122";"6Lg78R2P7QI";"PLPSfPyOOcp3SxK_tEoQZXlvULxootJrjh"
"123";"mM_4k2Rurjg";"PLPSfPyOOcp3SxK_tEoQZXlvULxootJrjh"
"124";"DK13W_SwBxQ";"PLPSfPyOOcp3SxK_tEoQZXlvULxootJrjh"
"125";"KOBY8gklk1A";"PLPSfPyOOcp3SxK_tEoQZXlvULxootJrjh"
"126";"MuvZ5RoCmSI";"PLPSfPyOOcp3SxK_tEoQZXlvULxootJrjh"
"127";"i5B9A0lsF0E";"PLPSfPyOOcp3SxK_tEoQZXlvULxootJrjh"
"128";"s4qB6cihCas";"PLPSfPyOOcp3SxK_tEoQZXlvULxootJrjh"
"129";"ukOZ0oEBmoo";"PLPSfPyOOcp3SxK_tEoQZXlvULxootJrjh"
"130";"jqiQmcjHgXU";"PLPSfPyOOcp3SxK_tEoQZXlvULxootJrjh"
"131";"lGrzmDOfPeY";"PLPSfPyOOcp3SxK_tEoQZXlvULxootJrjh"
"132";"TARhYm6AT8I";"PLPSfPyOOcp3SxK_tEoQZXlvULxootJrjh"
"133";"NbYnZES0Cgg";"PLPSfPyOOcp3SxK_tEoQZXlvULxootJrjh"
"134";"k_y-lm74L1c";"PLPSfPyOOcp3SxK_tEoQZXlvULxootJrjh"
"135";"XaOzy6FkwsU";"PLPSfPyOOcp3SxK_tEoQZXlvULxootJrjh"
"136";"jjvauzpvooA";"PLPSfPyOOcp3SxK_tEoQZXlvULxootJrjh"
"137";"TutGd9PE68Y";"PLPSfPyOOcp3QnuFfxNhWzIWPmwfTLCFRw"
"138";"6LG8pMax-6Q";"PLPSfPyOOcp3QnuFfxNhWzIWPmwfTLCFRw"
"139";"aGrUCqBjpeQ";"PLPSfPyOOcp3QnuFfxNhWzIWPmwfTLCFRw"
"140";"5SNrXa_wGZw";"PLPSfPyOOcp3QnuFfxNhWzIWPmwfTLCFRw"
"141";"AWuMLhjxIeA";"PLPSfPyOOcp3QnuFfxNhWzIWPmwfTLCFRw"
"142";"W1xYi4RVQiA";"PLPSfPyOOcp3QnuFfxNhWzIWPmwfTLCFRw"
"143";"wqSk586JJME";"PLPSfPyOOcp3QnuFfxNhWzIWPmwfTLCFRw"
"144";"oWYL1jecM8k";"PLPSfPyOOcp3QnuFfxNhWzIWPmwfTLCFRw"
"145";"ZKbbCG4oZdw";"PLPSfPyOOcp3QnuFfxNhWzIWPmwfTLCFRw"
"146";"gdZqtykij_s";"PLPSfPyOOcp3QnuFfxNhWzIWPmwfTLCFRw"
"147";"zGljcfcT-uo";"PLPSfPyOOcp3QnuFfxNhWzIWPmwfTLCFRw"
"148";"TNRYkIgQ3SE";"PLPSfPyOOcp3QnuFfxNhWzIWPmwfTLCFRw"
"149";"PsglHl1D4Rw";"PLPSfPyOOcp3QnuFfxNhWzIWPmwfTLCFRw"
"150";"bE5EWvsBPnw";"PLPSfPyOOcp3QnuFfxNhWzIWPmwfTLCFRw"
"151";"X1K1IVO6Ucs";"PLPSfPyOOcp3QnuFfxNhWzIWPmwfTLCFRw"
"152";"5z3Squ3PH50";"PLPSfPyOOcp3QnuFfxNhWzIWPmwfTLCFRw"
"153";"CagncByRjrU";"PLPSfPyOOcp3QnuFfxNhWzIWPmwfTLCFRw"
"154";"0lufp06s-N4";"PLPSfPyOOcp3QnuFfxNhWzIWPmwfTLCFRw"
"155";"vhYsx8UW5Rc";"PLPSfPyOOcp3QnuFfxNhWzIWPmwfTLCFRw"
"156";"r-ZZhttTZJM";"PLPSfPyOOcp3RRR73FFsv1kKIJ0kDwF5B6"
"157";"XPGUpwnzux8";"PLPSfPyOOcp3RRR73FFsv1kKIJ0kDwF5B6"
"158";"RcYzIodIAbY";"PLPSfPyOOcp3RRR73FFsv1kKIJ0kDwF5B6"
"159";"8U0e5ZimduU";"PLPSfPyOOcp3RRR73FFsv1kKIJ0kDwF5B6"
"160";"BJtx1iNQNCU";"PLPSfPyOOcp3RRR73FFsv1kKIJ0kDwF5B6"
"161";"1mxd0J3MXYM";"PLPSfPyOOcp3RRR73FFsv1kKIJ0kDwF5B6"
"162";"qLObJQqFOc4";"PLPSfPyOOcp3RRR73FFsv1kKIJ0kDwF5B6"
"163";"H5Sjvqx9J2I";"PLPSfPyOOcp3RRR73FFsv1kKIJ0kDwF5B6"
"164";"KHQQANohVt0";"PLPSfPyOOcp3RRR73FFsv1kKIJ0kDwF5B6"
"165";"PJHTzhssf5A";"PLPSfPyOOcp3RRR73FFsv1kKIJ0kDwF5B6"
"166";"h2mI5uWQuL4";"PLPSfPyOOcp3RRR73FFsv1kKIJ0kDwF5B6"
"167";"RNBQotPy0xU";"PLPSfPyOOcp3RRR73FFsv1kKIJ0kDwF5B6"
"168";"TD1vI5BzNN4";"PLPSfPyOOcp3RRR73FFsv1kKIJ0kDwF5B6"
"169";"VZdooFkpGXg";"PLPSfPyOOcp3RRR73FFsv1kKIJ0kDwF5B6"
"170";"uJb7K2ZT50I";"PLPSfPyOOcp3QzSNEWY-5uNd1LKfPpOAaE"
"171";"bH3bbFXx6Tg";"PLPSfPyOOcp3QzSNEWY-5uNd1LKfPpOAaE"
"172";"y6mcprBt-tU";"PLPSfPyOOcp3QzSNEWY-5uNd1LKfPpOAaE"
"173";"-gwwaJ0GBe8";"PLPSfPyOOcp3QzSNEWY-5uNd1LKfPpOAaE"
"174";"q92D06WyonA";"PLPSfPyOOcp3QzSNEWY-5uNd1LKfPpOAaE"
"175";"fl2xPnFBFKc";"PLPSfPyOOcp3QzSNEWY-5uNd1LKfPpOAaE"
"176";"43x9HM7Yo74";"PLPSfPyOOcp3QzSNEWY-5uNd1LKfPpOAaE"
"177";"7jm7BzlldNQ";"PLPSfPyOOcp3QzSNEWY-5uNd1LKfPpOAaE"
"178";"54ZyHUsN2Ik";"PLPSfPyOOcp3QzSNEWY-5uNd1LKfPpOAaE"
"179";"QMXNl6ckDpM";"PLPSfPyOOcp3QzSNEWY-5uNd1LKfPpOAaE"
"180";"7jakVvp1O4g";"PLPSfPyOOcp3QzSNEWY-5uNd1LKfPpOAaE"
"181";"UYd8mkqaiks";"PLPSfPyOOcp3QzSNEWY-5uNd1LKfPpOAaE"
"182";"66Y9kkfyRAg";"PLPSfPyOOcp3QzSNEWY-5uNd1LKfPpOAaE"
"183";"HgcqcEeq2vw";"PLPSfPyOOcp3QzSNEWY-5uNd1LKfPpOAaE"
"184";"ZqNLriIeXlU";"PLlo9BdMqKVfa4ZR3kQztM-Xp4qDQIXinX"
"185";"8CaTdIC9yFU";"PLlo9BdMqKVfa4ZR3kQztM-Xp4qDQIXinX"
"186";"Bt2f9lKlgRE";"PLlo9BdMqKVfa4ZR3kQztM-Xp4qDQIXinX"
"187";"K2Dzcj7rVcc";"PLlo9BdMqKVfa4ZR3kQztM-Xp4qDQIXinX"
"188";"YiKNtDCwZXU";"PLlo9BdMqKVfa4ZR3kQztM-Xp4qDQIXinX"
"189";"M6cfMm2e1fY";"PLlo9BdMqKVfa4ZR3kQztM-Xp4qDQIXinX"
"190";"jD3kSGt5d-A";"PLlo9BdMqKVfa4ZR3kQztM-Xp4qDQIXinX"
"191";"_uL9omsefjc";"PLlo9BdMqKVfa4ZR3kQztM-Xp4qDQIXinX"
"192";"-ss9PFcLaDs";"PLlo9BdMqKVfa4ZR3kQztM-Xp4qDQIXinX"
"193";"8jj0X_JScEM";"PLlo9BdMqKVfa4ZR3kQztM-Xp4qDQIXinX"
"194";"yI1FrGvzptA";"PLlo9BdMqKVfa4ZR3kQztM-Xp4qDQIXinX"
"195";"4A3xEDV6dvU";"PLlo9BdMqKVfa4ZR3kQztM-Xp4qDQIXinX"
"196";"aEfL98UGbfc";"PLlo9BdMqKVfa4ZR3kQztM-Xp4qDQIXinX"
"197";"gdFGTkAbgNI";"PLlo9BdMqKVfa4ZR3kQztM-Xp4qDQIXinX"
"198";"Y-0-WPFkbuo";"PLlo9BdMqKVfa4ZR3kQztM-Xp4qDQIXinX"
"199";"_R50wPAsDjI";"PLlo9BdMqKVfa4ZR3kQztM-Xp4qDQIXinX"
"200";"wAI0Jvk6adU";"PLlo9BdMqKVfa4ZR3kQztM-Xp4qDQIXinX"
"201";"0-RfY5xw_vk";"PLlo9BdMqKVfa4ZR3kQztM-Xp4qDQIXinX"
"202";"FRPrK4p4sfw";"PLlo9BdMqKVfa4ZR3kQztM-Xp4qDQIXinX"
"203";"8oFOV8Rc4OA";"PLlo9BdMqKVfa4ZR3kQztM-Xp4qDQIXinX"
"204";"o0y_9keAKWU";"PLlo9BdMqKVfa4ZR3kQztM-Xp4qDQIXinX"
"205";"lreL-mdySpA";"PLlo9BdMqKVfa4ZR3kQztM-Xp4qDQIXinX"
"206";"HaQwzSnUthw";"PLlo9BdMqKVfa4ZR3kQztM-Xp4qDQIXinX"
"207";"7RSh99ac0mU";"PLlo9BdMqKVfa4ZR3kQztM-Xp4qDQIXinX"
"208";"Fk4rttrrJ78";"PLlo9BdMqKVfa4ZR3kQztM-Xp4qDQIXinX"
"209";"pRhB6bzQb9g";"PLlo9BdMqKVfa4ZR3kQztM-Xp4qDQIXinX"
"210";"mR7UEe8vd4E";"PLlo9BdMqKVfa4ZR3kQztM-Xp4qDQIXinX"
"211";"T8nPY22QX8o";"PLlo9BdMqKVfa4ZR3kQztM-Xp4qDQIXinX"
"212";"s-_meA74Ld0";"PLlo9BdMqKVfa4ZR3kQztM-Xp4qDQIXinX"
"213";"M_MlcXewNYA";"PLlo9BdMqKVfa4ZR3kQztM-Xp4qDQIXinX"
"214";"hBbFzNkzuGk";"PLlo9BdMqKVfa4ZR3kQztM-Xp4qDQIXinX"
"215";"NbNTqQ9hYrU";"PLlo9BdMqKVfa4ZR3kQztM-Xp4qDQIXinX"
"216";"0YE8Ex5SnFI";"PLlo9BdMqKVfa4ZR3kQztM-Xp4qDQIXinX"
"217";"ur0F5HcfYP4";"PLlo9BdMqKVfa4ZR3kQztM-Xp4qDQIXinX"
"218";"fRDz3BWaqhs";"PLlo9BdMqKVfa4ZR3kQztM-Xp4qDQIXinX"
"219";"ZGjREAHUQ7s";"PLlo9BdMqKVfa4ZR3kQztM-Xp4qDQIXinX"
"220";"XaQQy98o4D4";"PLlo9BdMqKVfa4ZR3kQztM-Xp4qDQIXinX"
"221";"yESwUxysLyw";"PLlo9BdMqKVfa4ZR3kQztM-Xp4qDQIXinX"
"222";"0PnqlHd3y9I";"PLlo9BdMqKVfa4ZR3kQztM-Xp4qDQIXinX"
"223";"t_JYKjS3fFQ";"PLlo9BdMqKVfa4ZR3kQztM-Xp4qDQIXinX"
"224";"DtIZdTfFfz0";"PLlo9BdMqKVfa4ZR3kQztM-Xp4qDQIXinX"
"225";"TXHsyeBklro";"PLlo9BdMqKVfa4ZR3kQztM-Xp4qDQIXinX"
"226";"w8svwwCB9Lw";"PLlo9BdMqKVfa4ZR3kQztM-Xp4qDQIXinX"
"227";"nfeGhALMIVk";"PLlo9BdMqKVfa4ZR3kQztM-Xp4qDQIXinX"
"228";"74EXU7kGasM";"PLlo9BdMqKVfa4ZR3kQztM-Xp4qDQIXinX"
"229";"8mON6AevmPM";"PLlo9BdMqKVfa4ZR3kQztM-Xp4qDQIXinX"
"230";"lTZrA-23yxU";"PLlo9BdMqKVfa4ZR3kQztM-Xp4qDQIXinX"
"231";"5SdaFdLbpLY";"PLlo9BdMqKVfa4ZR3kQztM-Xp4qDQIXinX"
"232";"e1pTBdXe04Q";"PLlo9BdMqKVfa4ZR3kQztM-Xp4qDQIXinX"
"233";"UJBaREQpWAY";"PLlo9BdMqKVfa4ZR3kQztM-Xp4qDQIXinX"
"234";"ep_akr4cSvI";"PLlo9BdMqKVfa4ZR3kQztM-Xp4qDQIXinX"
"235";"vL-ifTNmf4o";"PLlo9BdMqKVfa4ZR3kQztM-Xp4qDQIXinX"
"236";"13lLM3zi5vY";"PLlo9BdMqKVfa4ZR3kQztM-Xp4qDQIXinX"
"237";"1qCZctHjXxs";"PLlo9BdMqKVfa4ZR3kQztM-Xp4qDQIXinX"
"238";"f0m8GpQALCI";"PLlo9BdMqKVfa4ZR3kQztM-Xp4qDQIXinX"
"239";"kDAsfYKtBIE";"PLlo9BdMqKVfa4ZR3kQztM-Xp4qDQIXinX"
"240";"9DYfN84f3f8";"PLlo9BdMqKVfa4ZR3kQztM-Xp4qDQIXinX"
"241";"_tyitG27UKw";"PLlo9BdMqKVfa4ZR3kQztM-Xp4qDQIXinX"
"242";"d6jLWvhYCT0";"PLlo9BdMqKVfa4ZR3kQztM-Xp4qDQIXinX"
"243";"0bqmrPsPu0w";"PLlo9BdMqKVfa4ZR3kQztM-Xp4qDQIXinX"
"244";"VQcg6tgZOxQ";"PLlo9BdMqKVfa4ZR3kQztM-Xp4qDQIXinX"
"245";"VFdnaN_vgq8";"PLlo9BdMqKVfa4ZR3kQztM-Xp4qDQIXinX"
"246";"KpYaPWSOtCY";"PLlo9BdMqKVfa4ZR3kQztM-Xp4qDQIXinX"
"247";"uJeJhGpn5TQ";"PLlo9BdMqKVfa4ZR3kQztM-Xp4qDQIXinX"
"248";"AhupYEmXSHo";"PLlo9BdMqKVfa4ZR3kQztM-Xp4qDQIXinX"
"249";"FYuBF3PfA44";"PLlo9BdMqKVfa4ZR3kQztM-Xp4qDQIXinX"
"250";"DaGWK65_GbY";"PLlo9BdMqKVfa4ZR3kQztM-Xp4qDQIXinX"
"251";"lG5H-tSxjO4";"PLlo9BdMqKVfa4ZR3kQztM-Xp4qDQIXinX"
"252";"FApW4WZ6ce8";"PLlo9BdMqKVfa4ZR3kQztM-Xp4qDQIXinX"
"253";"Zr9815jEfsA";"PLlo9BdMqKVfa4ZR3kQztM-Xp4qDQIXinX"
"254";"cli3dQ10eaY";"PLlo9BdMqKVfa4ZR3kQztM-Xp4qDQIXinX"
"255";"kwjYIXust0E";"PLlo9BdMqKVfa4ZR3kQztM-Xp4qDQIXinX"
"256";"tKPP0dk-hag";"PLlo9BdMqKVfa4ZR3kQztM-Xp4qDQIXinX"
"257";"v-ccCY1Jo4k";"PLlo9BdMqKVfa4ZR3kQztM-Xp4qDQIXinX"
"258";"Itfq-INL7QM";"PLlo9BdMqKVfa4ZR3kQztM-Xp4qDQIXinX"
"259";"AtD0hCq1PXQ";"PLlo9BdMqKVfa4ZR3kQztM-Xp4qDQIXinX"
"260";"cIl2m12AdTQ";"PLlo9BdMqKVfa4ZR3kQztM-Xp4qDQIXinX"
"261";"l_iCocp_SLQ";"PLlo9BdMqKVfa4ZR3kQztM-Xp4qDQIXinX"
"262";"0Pct44wfP1Y";"PLlo9BdMqKVfa4ZR3kQztM-Xp4qDQIXinX"
"263";"rRTvD429Izg";"PLlo9BdMqKVfa4ZR3kQztM-Xp4qDQIXinX"
"264";"PD51zp6JGRk";"PLlo9BdMqKVfYM12ZSa9EoTd_OOPs8qzMl"
"265";"OJSPE0jNJpI";"PLlo9BdMqKVfYM12ZSa9EoTd_OOPs8qzMl"
"266";"4xdV2coQwoo";"PLlo9BdMqKVfYM12ZSa9EoTd_OOPs8qzMl"
"267";"uxtT9GggwEo";"PLlo9BdMqKVfYM12ZSa9EoTd_OOPs8qzMl"
"268";"_DDe5lKWcnM";"PLlo9BdMqKVfYM12ZSa9EoTd_OOPs8qzMl"
"269";"k4-SpqXAgq0";"PLlo9BdMqKVfYM12ZSa9EoTd_OOPs8qzMl"
"270";"Mz3uCFOStt4";"PL99E670F92D704946"
"271";"GmToAMrI8xw";"PL99E670F92D704946"
"272";"mhJNQl7jp2Q";"PL99E670F92D704946"
"273";"Ue5JSrmQoTM";"PL99E670F92D704946"
"274";"2zTFAVFsTUQ";"PL99E670F92D704946"
"275";"R_bWt2WOe3k";"PL99E670F92D704946"
"276";"ayxedHTCdig";"PL99E670F92D704946"
"277";"I-J3zrXJrEE";"PL99E670F92D704946"
"278";"zqHVr4oxZsQ";"PL99E670F92D704946"
"279";"DiNZSx6e8is";"PL99E670F92D704946"
"280";"RpeQzNpq1TI";"PL99E670F92D704946"
"281";"LblCpGGqhVA";"PL99E670F92D704946"
"282";"DS-1e4uaDf4";"PL99E670F92D704946"
"283";"crAuEx88ayc";"PL99E670F92D704946"
"284";"lWecNTeJYw0";"PL99E670F92D704946"
"285";"r1CICJdlKfc";"PL99E670F92D704946"
"286";"cVh1TiwgpKo";"PL99E670F92D704946"
"287";"8R0pgfQXWWo";"PL99E670F92D704946"
"288";"sZ-_l_CDU-0";"PL99E670F92D704946"
"289";"Snwibsc2Wkw";"PL99E670F92D704946"
"290";"oJFaET40GN4";"PL99E670F92D704946"
"291";"N0T210I64nE";"PL99E670F92D704946"
"292";"hyp-TwDNv_k";"PL99E670F92D704946"
"293";"0S4ekBEJbzQ";"PL99E670F92D704946"
"294";"xOKYZvE-648";"PL99E670F92D704946"
"295";"enHm9bCPAdE";"PL99E670F92D704946"
"296";"qVcA7e1Ca2s";"PL99E670F92D704946"
"297";"0iFCJGjuErk";"PL99E670F92D704946"
"298";"S34csQRgtZM";"PL99E670F92D704946"
"299";"XhjNVptd04Q";"PL99E670F92D704946"
"300";"srDKFaQIBx0";"PL99E670F92D704946"
"301";"WHcikJkuxQw";"PL99E670F92D704946"
"302";"yei8VWSApQo";"PL99E670F92D704946"
"303";"j35myRYN7ZQ";"PL99E670F92D704946"
"304";"dVBbbF1wkec";"PL99E670F92D704946"
"305";"QnWY1nEwK_s";"PL99E670F92D704946"
"306";"XS9rsnsG02k";"PL99E670F92D704946"
"307";"uPMLeWgWW6A";"PL99E670F92D704946"
"308";"Ad6sVAH3FrI";"PL99E670F92D704946"
"309";"xlrgYSjzNTQ";"PL99E670F92D704946"
"310";"aAqvB-l67hY";"PL99E670F92D704946"
"311";"7MHvK2DLcOM";"PLPSfPyOOcp3Q1YWaj9JV9XB1OA_m1-Rdy"
"312";"yMYo2CCXNgI";"PLPSfPyOOcp3Q1YWaj9JV9XB1OA_m1-Rdy"